{
    "tests": [
        {
            "name": "test_1_check_expanded_states (principles_of_autonomy.notebook_tests.pset_1.TestPSet1)",
            "score": 25,
            "max_score": 25,
            "status": "passed"
        },
        {
            "name": "test_2_puzzle_problem_expanded_nodes (principles_of_autonomy.notebook_tests.pset_1.TestPSet1)",
            "score": 10,
            "max_score": 10,
            "status": "passed"
        },
        {
            "name": "test_3_bfs (principles_of_autonomy.notebook_tests.pset_1.TestPSet1)",
            "score": 35,
            "max_score": 35,
            "status": "passed",
            "output": "Solution: \n+-----+\n|  1 3|\n|4 2 5|\n|7 8 6|\n+-----+\n\n**\n\n+-----+\n|1   3|\n|4 2 5|\n|7 8 6|\n+-----+\n\n**\n\n+-----+\n|1 2 3|\n|4   5|\n|7 8 6|\n+-----+\n\n**\n\n+-----+\n|1 2 3|\n|4 5  |\n|7 8 6|\n+-----+\n\n**\n\n+-----+\n|1 2 3|\n|4 5 6|\n|7 8  |\n+-----+\n\n**\n\n"
        },
        {
            "name": "test_4_dfs (principles_of_autonomy.notebook_tests.pset_1.TestPSet1)",
            "score": 0.0,
            "max_score": 25,
            "status": "failed",
            "output": "Test Failed: Expanding nodes in a non-ideal order returned the shortest solution. Make sure you wrote DFS, not BFS!\n"
        },
        {
            "name": "test_5_form_word (principles_of_autonomy.notebook_tests.pset_1.TestPSet1)",
            "score": 5,
            "max_score": 5,
            "status": "passed"
        }
    ],
    "leaderboard": [],
    "execution_time": "0.00",
    "score": 75.0
}
